{"cameraMode":{"drawMode":0,"name":"Shaded","section":"Shading Mode"},"sceneLighting":false,"audioPlay":false,"sceneViewState":{"showFog":true,"showMaterialUpdate":true,"showSkybox":false,"showFlares":true,"showImageEffects":true,"showParticleSystems":true},"in2DMode":false,"pivot":{"x":-0.7818178534507752,"y":1.5525076389312745,"z":-0.863525390625},"rotation":{"x":-0.2609160840511322,"y":-0.620483934879303,"z":0.23036694526672364,"w":-0.7027512192726135},"size":1.086951732635498,"orthographic":false}