{"cameraMode":{"drawMode":0,"name":"Shaded","section":"Shading Mode"},"sceneLighting":false,"audioPlay":false,"sceneViewState":{"showFog":true,"showMaterialUpdate":true,"showSkybox":false,"showFlares":true,"showImageEffects":true,"showParticleSystems":true},"in2DMode":false,"pivot":{"x":-0.9230903387069702,"y":1.2465931177139283,"z":0.1213904321193695},"rotation":{"x":0.11647851020097733,"y":-0.7594711780548096,"z":0.14173442125320435,"w":0.624141275882721},"size":0.9247450232505798,"orthographic":false}