{"cameraMode":{"drawMode":0,"name":"Shaded","section":"Shading Mode"},"sceneLighting":true,"audioPlay":false,"sceneViewState":{"showFog":true,"showMaterialUpdate":true,"showSkybox":true,"showFlares":true,"showImageEffects":true,"showParticleSystems":true},"in2DMode":false,"pivot":{"x":8.11813735961914,"y":1.75212824344635,"z":-15.207691192626954},"rotation":{"x":0.15445925295352937,"y":-0.5679556131362915,"z":0.10952727496623993,"w":0.8009880185127258},"size":0.90739506483078,"orthographic":false}