{"cameraMode":{"drawMode":0,"name":"Shaded","section":"Shading Mode"},"sceneLighting":true,"audioPlay":false,"sceneViewState":{"showFog":true,"showMaterialUpdate":true,"showSkybox":true,"showFlares":true,"showImageEffects":true,"showParticleSystems":true},"in2DMode":false,"pivot":{"x":18.668415069580079,"y":-7.279212951660156,"z":-6.450458526611328},"rotation":{"x":0.3837988078594208,"y":0.09230504184961319,"z":-0.03858654573559761,"w":0.9179873466491699},"size":14.554631233215332,"orthographic":false}