{"cameraMode":{"drawMode":0,"name":"Shaded","section":"Shading Mode"},"sceneLighting":true,"audioPlay":false,"sceneViewState":{"showFog":true,"showMaterialUpdate":true,"showSkybox":true,"showFlares":true,"showImageEffects":true,"showParticleSystems":true},"in2DMode":false,"pivot":{"x":514.822509765625,"y":235.35157775878907,"z":579.5252685546875},"rotation":{"x":-0.05396575853228569,"y":0.01766740158200264,"z":-0.0009553536074236035,"w":-0.9983892440795898},"size":670.7844848632813,"orthographic":false}