{"cameraMode":{"drawMode":0,"name":"Shaded","section":"Shading Mode"},"sceneLighting":true,"audioPlay":false,"sceneViewState":{"showFog":true,"showMaterialUpdate":true,"showSkybox":true,"showFlares":true,"showImageEffects":true,"showParticleSystems":true},"in2DMode":false,"pivot":{"x":-1.1970548629760743,"y":-0.5237443447113037,"z":-2.5176947116851808},"rotation":{"x":0.06366585195064545,"y":-0.7611631155014038,"z":0.07560241222381592,"w":0.6409868001937866},"size":8.848601341247559,"orthographic":false}